{"cameraMode":{"drawMode":0,"name":"Shaded","section":"Shading Mode"},"sceneLighting":true,"audioPlay":false,"sceneViewState":{"showFog":true,"showMaterialUpdate":false,"showSkybox":true,"showFlares":true,"showImageEffects":true,"showParticleSystems":true},"in2DMode":false,"pivot":{"x":34.35921096801758,"y":-1.6202247142791749,"z":-1.4964382648468018},"rotation":{"x":0.026438958942890168,"y":0.714177668094635,"z":-0.02701704017817974,"w":0.6989429593086243},"size":37.11349105834961,"orthographic":false}