{"cameraMode":{"drawMode":0,"name":"Shaded","section":"Shading Mode"},"sceneLighting":true,"audioPlay":false,"sceneViewState":{"showFog":true,"showMaterialUpdate":false,"showSkybox":true,"showFlares":true,"showImageEffects":true,"showParticleSystems":true},"in2DMode":false,"pivot":{"x":-0.5562242269515991,"y":-0.0159493088722229,"z":1.6038415431976319},"rotation":{"x":0.10781750828027725,"y":-0.07183355838060379,"z":0.007810251321643591,"w":0.9915414452552795},"size":3.8207309246063234,"orthographic":false}